{
  "config": {
    "seed": 42,
    "device": "auto",
    "dataset": {
      "name": "synthetic_competing",
      "data_root": "data"
    },
    "model": {
      "name": "DeepHit",
      "hidden_dims": [
        128,
        64
      ],
      "dropout": 0.2
    },
    "deephit": {
      "n_time_bins": 50,
      "binning": "quantile",
      "alpha": 1.0,
      "beta": 0.1,
      "sigma": 0.1,
      "max_rank_pairs": 128
    },
    "training": {
      "batch_size": 4096,
      "lr": 0.001,
      "weight_decay": 0.0001,
      "epochs": 50
    },
    "early_stopping": {
      "enabled": true,
      "monitor": "val_mean_cindex",
      "mode": "max",
      "patience": 5,
      "min_delta": 0.0001
    }
  },
  "n_features": 12,
  "feature_names": [
    "x0",
    "x1",
    "x2",
    "x3",
    "x4",
    "x5",
    "x6",
    "x7",
    "x8",
    "x9",
    "x10",
    "x11"
  ],
  "model_name": "DeepHit",
  "graph": null,
  "graph_metadata_path": null,
  "ssl": null,
  "selected_pseudo": null,
  "pseudo_label_stats": null,
  "n_time_bins": 39,
  "time_bin_edges": [
    0.5,
    0.5876557564735412,
    0.6907909858226778,
    0.7963237476348878,
    0.9149470329284667,
    1.0451663160324096,
    1.1851468443870548,
    1.3410027742385864,
    1.5156933665275574,
    1.6881234407424928,
    1.8903154778480529,
    2.1038445663452148,
    2.3332224035263067,
    2.59343822479248,
    2.862980842590332,
    3.1677889633178715,
    3.4926793766021755,
    3.8414436435699466,
    4.213459873199463,
    4.6422207832336415,
    5.103083724975585,
    5.606717224121094,
    6.16010908126831,
    6.775253887176514,
    7.478937196731568,
    8.249092102050781,
    9.107241172790527,
    10.106460723876955,
    11.193382282257081,
    12.526312637329104,
    14.00538953781128,
    15.812580490112305,
    17.961771240234373,
    20.63412193298339,
    23.906958389282256,
    28.385030517578127,
    34.79457588195804,
    45.20144180297845,
    65.9841310119629,
    890.533447265625
  ]
}